user_id,language,level,lessons_completed,exercises_completed,quiz_score,total_score,status,last_accessed
U_001,javascript,beginner,7,15,82,200,completed,2026-10-05
U_002,python,intermediate,4,9,0,95,in_progress,2026-10-04
U_003,sql,beginner,3,6,65,120,paused,2026-09-28
U_004,javascript,intermediate,5,12,88,160,in_progress,2026-10-05
U_005,python,beginner,8,18,75,220,completed,2026-10-03
U_006,sql,intermediate,6,14,92,200,in_progress,2026-10-02
U_001,python,beginner,9,20,85,250,completed,2026-10-04
U_002,javascript,advanced,7,28,125,310,completed,2026-10-01
U_003,python,intermediate,0,0,0,50,in_progress,2026-10-05
U_004,sql,beginner,4,8,72,140,paused,2026-09-30
U_005,javascript,beginner,6,14,79,190,in_progress,2026-10-03
U_006,python,intermediate,5,11,81,170,in_progress,2026-09-29
U_007,sql,beginner,2,5,58,95,in_progress,2026-10-02
U_008,javascript,intermediate,6,16,84,200,completed,2026-10-04
U_009,python,advanced,8,35,91,350,in_progress,2026-10-05
U_007,javascript,beginner,7,16,77,210,completed,2026-10-01
U_010,sql,intermediate,4,10,89,170,in_progress,2026-09-27
U_002,javascript,advanced,8,32,86,330,completed,2026-10-05
U_011,python,beginner,5,12,68,160,in_progress,,
U_012,javascript,beginner,3,7,72,110,paused,2026-09-25
